Order_ID,Order_Date,Product,Category,City,Region_ID,Quantity,Unit_Price,Discount_Percent,Sales,Salesperson
1001,2025-03-13,Mobile,Electronics,Kochi,3,5,31049,5.0,147482.75,Anu
1002,2025-04-22,Mobile,Electronics,Bangalore,1,1,16952,0.0,16952.0,Meera
1003,2025-10-29,Laptop,Electronics,Trivandrum,2,7,59446,15.0,353703.7,Anu
1004,2025-04-21,Tablet,Electronics,Bangalore,2,6,21105,5.0,120298.5,Anu
1005,2025-11-06,Mobile,Electronics,Bangalore,2,2,38526,10.0,69346.8,Anu
1006,2025-05-31,Smartwatch,Electronics,,3,7,5582,20.0,31259.2,Meera
1007,2025-05-29,Mouse,Accessories,Trivandrum,1,2,687,5.0,1305.3,Rahul
1008,2025-03-25,Mobile,Electronics,Bangalore,2,5,44714,10.0,201213.0,Jiya
1009,2025-10-01,Headphones,Accessories,Thrissur,3,2,5990,5.0,11381.0,Rahul
1010,2025-04-23,Tablet,Electronics,Chennai,3,7,20845,20.0,116732.0,Jiya
1011,2025-05-18,Laptop,Electronics,Trivandrum,1,1,65673,15.0,55822.05,Rahul
1012,2025-03-15,Mouse,Accessories,Trivandrum,2,8,2120,15.0,14416.0,Rahul
1013,2025-07-05,Headphones,Accessories,Thrissur,1,7,5780,,34391.0,Rahul
1014,2025-11-18,Smartwatch,Electronics,Calicut,1,1,6592,5.0,6262.4,Vishnu
1015,2025-08-28,Monitor,Electronics,Calicut,3,7,20504,20.0,114822.4,Jiya
1016,2025-05-31,Laptop,Electronics,Calicut,2,5,67293,0.0,336465.0,Rahul
1017,2025-09-17,Smartwatch,Electronics,Kochi,1,5,19403,5.0,92164.25,Vishnu
1018,2025-10-04,Keyboard,Accessories,Trivandrum,3,3,3863,5.0,11009.55,
1019,2025-06-07,Mouse,Accessories,Chennai,1,1,958,10.0,862.2,Anu
1020,2025-02-05,Headphones,Accessories,Calicut,3,2,6995,15.0,11891.5,Rahul
1021,2025-11-07,Tablet,Electronics,Chennai,2,3,20685,20.0,49644.0,Rahul
1022,2025-08-13,Headphones,Accessories,Thrissur,3,7,6502,10.0,40962.6,Arun
1023,2025-01-11,Mobile,Electronics,Trivandrum,3,4,19196,10.0,69105.6,Meera
1024,2025-04-28,Headphones,Accessories,,1,1,1581,0.0,1581.0,Anu
1025,2025-04-20,Mouse,Accessories,Calicut,3,4,1640,15.0,5576.0,Rahul
1026,2025-02-18,Smartwatch,Electronics,Trivandrum,1,8,16338,5.0,124168.8,Vishnu
1027,2025-01-28,Monitor,Electronics,Kollam,3,7,21470,15.0,127746.5,Vishnu
1028,2025-02-25,Mobile,Electronics,Kochi,1,7,62724,10.0,395161.2,Rahul
1029,2025-05-23,Headphones,Accessories,Chennai,2,3,4456,5.0,12699.6,Rahul
1030,2025-01-08,Mobile,Electronics,Chennai,1,2,18315,20.0,29304.0,Rahul
1031,2025-07-25,Tablet,Electronics,Bangalore,1,8,27773,5.0,211074.8,Rahul
1032,2025-05-27,Monitor,Electronics,Kochi,2,7,16690,15.0,99305.5,Vishnu
1033,2025-01-30,Smartwatch,Electronics,Kannur,3,4,12722,,48343.6,Vishnu
1034,2025-09-02,Laptop,Electronics,Kollam,3,1,48286,20.0,38628.8,Meera
1035,2025-02-05,Tablet,Electronics,Kochi,3,2,39896,5.0,75802.4,Anu
1036,2025-10-24,Headphones,Accessories,Bangalore,3,2,5666,5.0,10765.4,Anu
1037,2025-12-09,Mobile,Electronics,Bangalore,3,6,32089,5.0,182907.3,Jiya
1038,2025-08-23,Headphones,Accessories,Thrissur,2,7,2072,10.0,13053.6,Anu
1039,2025-04-20,Laptop,Electronics,Chennai,3,2,49801,20.0,79681.6,Jiya
1040,2025-05-26,Tablet,Electronics,Kollam,1,2,20004,10.0,36007.2,Arun
1041,2025-05-16,Keyboard,Accessories,Kochi,1,5,1648,5.0,7828.0,Anu
1042,2025-06-25,Tablet,Electronics,Thrissur,1,5,31819,5.0,151140.25,Vishnu
1043,2025-11-21,Keyboard,Accessories,Chennai,2,5,1216,0.0,6080.0,Jiya
1044,2025-03-24,Laptop,Electronics,Kochi,3,6,53573,10.0,289294.2,Arun
1045,2025-10-07,Monitor,Electronics,Kochi,1,2,10465,5.0,19883.5,Jiya
1046,2025-07-06,Tablet,Electronics,Bangalore,1,3,13370,10.0,36099.0,Jiya
1047,2025-07-28,Headphones,Accessories,Trivandrum,3,2,3897,20.0,6235.2,Vishnu
1048,2025-07-31,Tablet,Electronics,Trivandrum,1,3,38210,5.0,108898.5,Rahul
1049,2025-12-26,Mouse,Accessories,Bangalore,1,4,1592,5.0,6049.6,Arun
1050,2025-06-29,Laptop,Electronics,Chennai,2,4,58079,15.0,197468.6,Rahul
1051,2025-05-23,Headphones,Accessories,Kochi,1,4,4264,10.0,15350.4,Jiya
1052,2025-05-14,Mouse,Accessories,Bangalore,1,6,613,0.0,3678.0,Meera
1053,2025-06-10,Keyboard,Accessories,Kochi,2,2,4359,10.0,7846.2,
1054,2025-12-29,Mobile,Electronics,Bangalore,2,4,31693,0.0,126772.0,Anu
1055,2025-11-16,Headphones,Accessories,,2,7,1573,10.0,9909.9,Vishnu
1056,2025-06-17,Mobile,Electronics,Thrissur,2,5,58705,15.0,249496.25,Vishnu
1057,2025-12-13,Keyboard,Accessories,Kannur,3,4,4244,15.0,14429.6,Rahul
1058,2025-04-18,Keyboard,Accessories,Bangalore,2,1,3289,10.0,2960.1,Meera
1059,2025-09-19,Mouse,Accessories,Chennai,2,8,2311,5.0,17563.6,Vishnu
1060,2025-06-21,Tablet,Electronics,Calicut,1,5,28890,20.0,115560.0,Rahul
1061,2025-01-24,Keyboard,Accessories,Trivandrum,1,4,2007,0.0,8028.0,Arun
1062,2025-04-10,Mobile,Electronics,Chennai,3,7,56272,20.0,315123.2,Vishnu
1063,2025-12-02,Monitor,Electronics,Chennai,3,7,15994,,106360.1,Anu
1064,2025-08-26,Mobile,Electronics,Bangalore,1,4,26526,20.0,84883.2,Meera
1065,2025-12-08,Headphones,Accessories,Calicut,3,8,2092,15.0,14225.6,Meera
1066,2025-03-23,Mouse,Accessories,Chennai,3,7,2744,15.0,16326.8,Arun
1067,2025-09-06,Smartwatch,Electronics,Thrissur,3,4,12086,20.0,38675.2,Rahul
1068,2025-05-20,Keyboard,Accessories,Chennai,2,2,3140,5.0,5966.0,Jiya
1069,2025-12-22,Mobile,Electronics,Kannur,1,3,30155,15.0,76895.25,Vishnu
1070,2025-10-05,Headphones,Accessories,Calicut,2,7,4339,10.0,27335.7,Arun
1071,2025-12-23,Laptop,Electronics,Trivandrum,1,7,70524,20.0,394934.4,Meera
1072,2025-07-19,Monitor,Electronics,Chennai,2,1,19526,10.0,17573.4,Meera
1073,2025-09-06,Headphones,Accessories,Chennai,1,4,3235,15.0,10999.0,Arun
1074,2025-11-15,Mouse,Accessories,Bangalore,3,3,2414,5.0,6879.9,Anu
1075,2025-03-11,Monitor,Electronics,Kochi,2,2,29061,15.0,49403.7,Rahul
1076,2025-08-21,Laptop,Electronics,Thrissur,2,7,66453,5.0,441912.45,Jiya
1077,2025-08-29,Monitor,Electronics,Thrissur,1,7,16266,0.0,113862.0,Vishnu
1078,2025-01-16,Laptop,Electronics,Kollam,1,4,49496,0.0,197984.0,Rahul
1079,2025-12-09,Laptop,Electronics,Kannur,1,4,53272,15.0,181124.8,Meera
1080,2025-03-27,Headphones,Accessories,Chennai,3,5,7282,10.0,32769.0,Meera
1081,2025-01-14,Mobile,Electronics,Kannur,2,5,22084,20.0,88336.0,Meera
1082,2025-12-20,Monitor,Electronics,Bangalore,3,4,10490,20.0,33568.0,Rahul
1083,2025-06-27,Mobile,Electronics,Thrissur,3,2,52088,0.0,104176.0,Arun
1084,2025-09-08,Mouse,Accessories,Calicut,1,6,551,15.0,2810.1,Arun
1085,2025-09-25,Mouse,Accessories,Chennai,3,3,2283,5.0,6506.55,Jiya
1086,2025-05-06,Smartwatch,Electronics,Chennai,1,7,11794,,74302.2,Jiya
1087,2025-01-15,Smartwatch,Electronics,Trivandrum,2,8,15418,10.0,111009.6,Jiya
1088,2025-06-24,Tablet,Electronics,Chennai,2,4,23626,10.0,85053.6,Meera
1089,2025-07-28,Keyboard,Accessories,Kochi,2,4,1501,5.0,5703.8,Meera
1090,2025-02-17,Headphones,Accessories,Chennai,2,8,4671,0.0,37368.0,Rahul
1091,2025-07-08,Monitor,Electronics,Trivandrum,2,5,29756,20.0,119024.0,Meera
1092,2025-05-19,Mouse,Accessories,Bangalore,2,6,1941,15.0,9899.1,Jiya
1093,2025-10-02,Headphones,Accessories,Calicut,3,4,3584,0.0,14336.0,Rahul
1094,2025-09-26,Headphones,Accessories,Trivandrum,3,8,3265,20.0,20896.0,Jiya
1095,2025-04-02,Mobile,Electronics,Trivandrum,2,5,29908,10.0,134586.0,Anu
1096,2025-05-30,Tablet,Electronics,Thrissur,3,1,13786,20.0,11028.8,Rahul
1097,2025-09-03,Smartwatch,Electronics,Calicut,2,1,12317,15.0,10469.45,Jiya
1098,2025-02-03,Tablet,Electronics,Kochi,2,5,27654,0.0,138270.0,Arun
1099,2025-06-05,Mobile,Electronics,Kochi,1,3,24777,20.0,59464.8,Rahul
1100,2025-08-19,Mobile,Electronics,Bangalore,2,4,49247,15.0,167439.8,Jiya
1101,2025-04-17,Monitor,Electronics,Thrissur,3,1,27976,0.0,27976.0,Rahul
1102,2025-10-10,Keyboard,Accessories,Calicut,1,3,2764,5.0,7877.4,Rahul
1103,2025-05-30,Laptop,Electronics,Bangalore,1,8,83916,15.0,570628.8,Rahul
1104,2025-05-16,Keyboard,Accessories,Thrissur,3,8,1383,5.0,10510.8,Meera
1105,2025-11-28,Headphones,Accessories,Bangalore,1,2,5461,5.0,10375.9,Jiya
1106,2025-11-01,Tablet,Electronics,Calicut,3,1,17436,10.0,15692.4,Meera
1107,2025-12-25,Keyboard,Accessories,Chennai,2,2,4639,10.0,8350.2,Jiya
1108,2025-06-15,Smartwatch,Electronics,Chennai,3,2,4306,15.0,7320.2,Jiya
1109,2025-01-11,Laptop,Electronics,Calicut,3,4,82696,20.0,264627.2,Jiya
1110,2025-05-23,Laptop,Electronics,Kannur,1,8,79010,15.0,537268.0,Meera
1111,2025-07-29,Monitor,Electronics,Chennai,2,2,23401,10.0,42121.8,Jiya
1112,2025-05-28,Mobile,Electronics,Kannur,3,6,41977,15.0,214082.7,Arun
1113,2025-06-15,Laptop,Electronics,Chennai,1,2,65612,10.0,118101.6,Arun
1114,2025-09-23,Laptop,Electronics,Chennai,2,7,48552,5.0,322870.8,Meera
1115,2025-10-09,Smartwatch,Electronics,Chennai,1,1,9670,10.0,8703.0,Jiya
1116,2025-05-03,Smartwatch,Electronics,Chennai,3,2,3945,20.0,6312.0,Rahul
1117,2025-02-28,Keyboard,Accessories,Kochi,2,7,1563,5.0,10393.95,Anu
1118,2025-08-01,Tablet,Electronics,Chennai,2,5,28674,10.0,129033.0,Arun
1119,2025-11-03,Headphones,Accessories,Chennai,3,3,4142,5.0,11804.7,Vishnu
1120,2025-06-24,Tablet,Electronics,Calicut,3,5,37319,15.0,158605.75,Jiya
1121,2025-12-04,Laptop,Electronics,Thrissur,2,5,83465,20.0,333860.0,Rahul
1122,2025-10-06,Smartwatch,Electronics,Chennai,2,6,13893,20.0,66686.4,Arun
1123,2025-04-30,Mouse,Accessories,Trivandrum,2,4,2842,15.0,9662.8,Anu
1124,2025-09-11,Mouse,Accessories,Chennai,1,7,2081,5.0,13838.65,Rahul
1125,2025-08-22,Mouse,Accessories,Calicut,1,8,908,20.0,5811.2,Vishnu
1126,2025-05-16,Tablet,Electronics,Bangalore,2,3,14451,15.0,36850.05,Meera
1127,2025-06-12,Monitor,Electronics,Calicut,3,6,25485,15.0,129973.5,Vishnu
1128,2025-04-27,Smartwatch,Electronics,Kochi,3,2,10692,10.0,19245.6,Anu
1129,2025-12-22,Monitor,Electronics,Calicut,2,2,22538,5.0,42822.2,Anu
1130,2025-07-11,Laptop,Electronics,Kollam,2,1,64226,10.0,57803.4,Rahul
1131,2025-02-10,Headphones,Accessories,Bangalore,3,3,2392,5.0,6817.2,Arun
1132,2025-11-23,Headphones,Accessories,Chennai,2,3,2902,15.0,7400.1,Arun
1133,2025-03-22,Keyboard,Accessories,Kochi,1,8,3156,20.0,20198.4,Arun
1134,2025-06-04,Mouse,Accessories,Thrissur,1,7,1524,15.0,9067.8,Arun
1135,2025-07-03,Smartwatch,Electronics,Calicut,3,4,15496,20.0,49587.2,Jiya
1136,2025-10-17,Keyboard,Accessories,Kochi,3,7,3048,0.0,21336.0,Vishnu
1137,2025-06-30,Laptop,Electronics,Chennai,1,5,60081,20.0,240324.0,Vishnu
1138,2025-11-18,Headphones,Accessories,Thrissur,3,3,6146,0.0,18438.0,Anu
1139,2025-02-16,Keyboard,Accessories,Chennai,2,1,3788,5.0,3598.6,Jiya
1140,2025-07-07,Monitor,Electronics,Kannur,3,4,12330,20.0,39456.0,Meera
1141,2025-06-23,Keyboard,Accessories,Kannur,1,5,4747,10.0,21361.5,Arun
1142,2025-10-13,Mobile,Electronics,Kannur,2,4,59323,15.0,201698.2,Anu
1143,2025-08-21,Monitor,Electronics,Kochi,2,5,25582,0.0,127910.0,Vishnu
1144,2025-08-30,Keyboard,Accessories,Bangalore,1,6,1687,5.0,9615.9,Meera
1145,2025-11-29,Mouse,Accessories,Trivandrum,2,2,2401,10.0,4321.8,
1146,2025-03-01,Tablet,Electronics,Kochi,1,1,21973,15.0,18677.05,Rahul
1147,2025-08-03,Tablet,Electronics,Bangalore,3,8,24157,20.0,154604.8,Vishnu
1148,2025-11-12,Tablet,Electronics,Bangalore,2,2,39318,15.0,66840.6,Jiya
1149,2025-05-01,Laptop,Electronics,Kollam,2,4,74057,15.0,251793.8,Anu
1150,2025-04-08,Mouse,Accessories,Kollam,1,1,2130,10.0,1917.0,Arun
1011,2025-05-18,Laptop,Electronics,Trivandrum,1,1,65673,15.0,55822.05,Rahul
1036,2025-10-24,Headphones,Accessories,Bangalore,3,2,5666,5.0,10765.4,Anu
1081,2025-01-14,Mobile,Electronics,Kannur,2,5,22084,20.0,88336.0,Meera
